-- Seed data for Coachy MVP
-- NOTE: Run this after creating a coach user via the app signup
-- Replace the coach_id with the actual auth.users id

-- For demo purposes, these use placeholder UUIDs
-- The coach must first sign up via the app, then use their auth user ID here

-- Example seed (replace '00000000-0000-0000-0000-000000000001' with real coach auth ID):

/*
-- Insert coach record (after auth signup)
INSERT INTO coaches (id, full_name, email) VALUES
  ('REPLACE_WITH_AUTH_USER_ID', 'יוסי כהן', 'coach@example.com');

-- Create team
INSERT INTO teams (id, coach_id, name, age_group, theme_color_name, theme_color_hex) VALUES
  ('11111111-1111-1111-1111-111111111111', 'REPLACE_WITH_AUTH_USER_ID', 'הפועל תל אביב כדורסל', 'ילדים א', 'אדום', '#dc2626');

-- Add 10 players
INSERT INTO players (id, team_id, full_name, phone, jersey_number, active) VALUES
  ('aaaa0001-0000-0000-0000-000000000001', '11111111-1111-1111-1111-111111111111', 'דוד לוי', '0501234501', 1, true),
  ('aaaa0002-0000-0000-0000-000000000002', '11111111-1111-1111-1111-111111111111', 'משה כהן', '0501234502', 3, true),
  ('aaaa0003-0000-0000-0000-000000000003', '11111111-1111-1111-1111-111111111111', 'יעקב ישראלי', '0501234503', 5, true),
  ('aaaa0004-0000-0000-0000-000000000004', '11111111-1111-1111-1111-111111111111', 'אברהם גולן', '0501234504', 7, true),
  ('aaaa0005-0000-0000-0000-000000000005', '11111111-1111-1111-1111-111111111111', 'יצחק בן דוד', '0501234505', 9, true),
  ('aaaa0006-0000-0000-0000-000000000006', '11111111-1111-1111-1111-111111111111', 'שמעון פרץ', '0501234506', 11, true),
  ('aaaa0007-0000-0000-0000-000000000007', '11111111-1111-1111-1111-111111111111', 'ראובן מזרחי', '0501234507', 13, true),
  ('aaaa0008-0000-0000-0000-000000000008', '11111111-1111-1111-1111-111111111111', 'יהודה אביב', '0501234508', 15, true),
  ('aaaa0009-0000-0000-0000-000000000009', '11111111-1111-1111-1111-111111111111', 'בנימין שלום', '0501234509', 17, true),
  ('aaaa0010-0000-0000-0000-000000000010', '11111111-1111-1111-1111-111111111111', 'נפתלי רוזן', '0501234510', 19, true);

-- Create upcoming practice (adjust date to future)
INSERT INTO practices (id, team_id, title, practice_date, start_time, end_time, location, notes, status) VALUES
  ('bbbb0001-0000-0000-0000-000000000001', '11111111-1111-1111-1111-111111111111', 'אימון', '2026-03-17', '17:00', '18:30', 'אולם ספורט הפועל, תל אביב', 'להביא בקבוק מים', 'upcoming');

-- Create invitations with tokens
INSERT INTO invitations (id, practice_id, player_id, token, response_status) VALUES
  ('cccc0001-0000-0000-0000-000000000001', 'bbbb0001-0000-0000-0000-000000000001', 'aaaa0001-0000-0000-0000-000000000001', 'tok_david_001', 'yes'),
  ('cccc0002-0000-0000-0000-000000000002', 'bbbb0001-0000-0000-0000-000000000001', 'aaaa0002-0000-0000-0000-000000000002', 'tok_moshe_002', 'yes'),
  ('cccc0003-0000-0000-0000-000000000003', 'bbbb0001-0000-0000-0000-000000000001', 'aaaa0003-0000-0000-0000-000000000003', 'tok_yaakov_003', 'no'),
  ('cccc0004-0000-0000-0000-000000000004', 'bbbb0001-0000-0000-0000-000000000001', 'aaaa0004-0000-0000-0000-000000000004', 'tok_avraham_004', 'maybe'),
  ('cccc0005-0000-0000-0000-000000000005', 'bbbb0001-0000-0000-0000-000000000001', 'aaaa0005-0000-0000-0000-000000000005', 'tok_yitzhak_005', 'yes'),
  ('cccc0006-0000-0000-0000-000000000006', 'bbbb0001-0000-0000-0000-000000000001', 'aaaa0006-0000-0000-0000-000000000006', 'tok_shimon_006', 'no_response'),
  ('cccc0007-0000-0000-0000-000000000007', 'bbbb0001-0000-0000-0000-000000000001', 'aaaa0007-0000-0000-0000-000000000007', 'tok_reuven_007', 'yes'),
  ('cccc0008-0000-0000-0000-000000000008', 'bbbb0001-0000-0000-0000-000000000001', 'aaaa0008-0000-0000-0000-000000000008', 'tok_yehuda_008', 'no_response'),
  ('cccc0009-0000-0000-0000-000000000009', 'bbbb0001-0000-0000-0000-000000000001', 'aaaa0009-0000-0000-0000-000000000009', 'tok_binyamin_009', 'maybe'),
  ('cccc0010-0000-0000-0000-000000000010', 'bbbb0001-0000-0000-0000-000000000001', 'aaaa0010-0000-0000-0000-000000000010', 'tok_naftali_010', 'no');

-- Create attendance rows
INSERT INTO attendance (practice_id, player_id, actual_attended) VALUES
  ('bbbb0001-0000-0000-0000-000000000001', 'aaaa0001-0000-0000-0000-000000000001', false),
  ('bbbb0001-0000-0000-0000-000000000001', 'aaaa0002-0000-0000-0000-000000000002', false),
  ('bbbb0001-0000-0000-0000-000000000001', 'aaaa0003-0000-0000-0000-000000000003', false),
  ('bbbb0001-0000-0000-0000-000000000001', 'aaaa0004-0000-0000-0000-000000000004', false),
  ('bbbb0001-0000-0000-0000-000000000001', 'aaaa0005-0000-0000-0000-000000000005', false),
  ('bbbb0001-0000-0000-0000-000000000001', 'aaaa0006-0000-0000-0000-000000000006', false),
  ('bbbb0001-0000-0000-0000-000000000001', 'aaaa0007-0000-0000-0000-000000000007', false),
  ('bbbb0001-0000-0000-0000-000000000001', 'aaaa0008-0000-0000-0000-000000000008', false),
  ('bbbb0001-0000-0000-0000-000000000001', 'aaaa0009-0000-0000-0000-000000000009', false),
  ('bbbb0001-0000-0000-0000-000000000001', 'aaaa0010-0000-0000-0000-000000000010', false);
*/
